timestamp,symbol,action,price,quantity,pnl,duration,position,status,ib_order_id
2025-01-01T14:30:00,SPY,BUY,479.9422494004882,1,0.0,0.0,LONG,Filled,5000
2025-01-01T14:35:00,SPY,SELL,478.9028820450851,1,-1.039367355403101,300.0,NONE,Filled,5001
2025-01-01T15:00:00,SPY,BUY,479.2704284083476,1,0.0,0.0,LONG,Filled,5002
2025-01-01T15:05:00,SPY,SELL,477.1364118491178,1,-2.134016559229792,300.0,NONE,Filled,5003
2025-01-01T15:30:00,SPY,BUY,480.2905310414453,1,0.0,0.0,LONG,Filled,5004
2025-01-01T15:35:00,SPY,SELL,480.19533973573704,1,-0.09519130570828338,300.0,NONE,Filled,5005
2025-01-01T16:00:00,SPY,BUY,478.868546969542,1,0.0,0.0,LONG,Filled,5006
2025-01-01T16:05:00,SPY,SELL,477.94212876579235,1,-0.9264182037496766,300.0,NONE,Filled,5007
2025-01-01T16:30:00,SPY,BUY,478.8846250839466,1,0.0,0.0,LONG,Filled,5008
2025-01-01T16:35:00,SPY,SELL,479.56695613221035,1,0.6823310482637339,300.0,NONE,Filled,5009
2025-01-01T17:00:00,SPY,BUY,481.67730823524647,1,0.0,0.0,LONG,Filled,5010
2025-01-01T17:05:00,SPY,SELL,479.8250201613469,1,-1.8522880738995582,300.0,NONE,Filled,5011
2025-01-01T17:30:00,SPY,BUY,480.45747298459577,1,0.0,0.0,LONG,Filled,5012
2025-01-01T17:35:00,SPY,SELL,478.1845683722381,1,-2.2729046123576495,300.0,NONE,Filled,5013
2025-01-01T18:00:00,SPY,BUY,481.19632450642155,1,0.0,0.0,LONG,Filled,5014
2025-01-01T18:05:00,SPY,SELL,482.9149699687635,1,1.7186454623419536,300.0,NONE,Filled,5015
2025-01-01T18:30:00,SPY,BUY,478.07992222679934,1,0.0,0.0,LONG,Filled,5016
2025-01-01T18:35:00,SPY,SELL,478.156677352307,1,0.07675512550764552,300.0,NONE,Filled,5017
2025-01-01T19:00:00,SPY,BUY,479.5657569431099,1,0.0,0.0,LONG,Filled,5018
2025-01-01T19:05:00,SPY,SELL,481.4392008115055,1,1.8734438683956114,300.0,NONE,Filled,5019
2025-01-01T19:30:00,SPY,BUY,480.26981826982103,1,0.0,0.0,LONG,Filled,5020
2025-01-01T19:35:00,SPY,SELL,480.32915168783427,1,0.05933341801323877,300.0,NONE,Filled,5021
2025-01-01T20:00:00,SPY,BUY,478.59591303884207,1,0.0,0.0,LONG,Filled,5022
2025-01-01T20:05:00,SPY,SELL,479.238207404809,1,0.6422943659669045,300.0,NONE,Filled,5023
2025-01-01T20:30:00,SPY,BUY,481.55194977711477,1,0.0,0.0,LONG,Filled,5024
2025-01-01T20:35:00,SPY,SELL,480.6719452200277,1,-0.8800045570870907,300.0,NONE,Filled,5025
2025-01-01T21:00:00,SPY,BUY,480.58525798177436,1,0.0,0.0,LONG,Filled,5026
2025-01-01T21:05:00,SPY,SELL,480.47523304361124,1,-0.11002493816312153,300.0,NONE,Filled,5027
2025-01-01T21:30:00,SPY,BUY,479.9531746867088,1,0.0,0.0,LONG,Filled,5028
2025-01-01T21:35:00,SPY,SELL,479.19037511302804,1,-0.762799573680752,300.0,NONE,Filled,5029
2025-01-01T22:00:00,SPY,BUY,478.8226044373633,1,0.0,0.0,LONG,Filled,5030
2025-01-01T22:05:00,SPY,SELL,479.7060221488193,1,0.8834177114559907,300.0,NONE,Filled,5031
2025-01-01T22:30:00,SPY,BUY,480.5761628118613,1,0.0,0.0,LONG,Filled,5032
2025-01-01T22:35:00,SPY,SELL,480.5083085230062,1,-0.06785428885513056,300.0,NONE,Filled,5033
2025-01-01T23:00:00,SPY,BUY,479.1884387990094,1,0.0,0.0,LONG,Filled,5034
2025-01-01T23:05:00,SPY,SELL,477.9258925708021,1,-1.2625462282073272,300.0,NONE,Filled,5035
2025-01-01T23:30:00,SPY,BUY,479.61510416128135,1,0.0,0.0,LONG,Filled,5036
2025-01-01T23:35:00,SPY,SELL,479.89426278871446,1,0.27915862743310527,300.0,NONE,Filled,5037
2025-01-02T00:00:00,SPY,BUY,479.48220309902484,1,0.0,0.0,LONG,Filled,5038
2025-01-02T00:05:00,SPY,SELL,479.0266122178325,1,-0.45559088119233593,300.0,NONE,Filled,5039
2025-01-02T00:30:00,SPY,BUY,478.9096382510852,1,0.0,0.0,LONG,Filled,5040
2025-01-02T00:35:00,SPY,SELL,479.033639128048,1,0.12400087696278206,300.0,NONE,Filled,5041
2025-01-02T01:00:00,SPY,BUY,479.7652479512353,1,0.0,0.0,LONG,Filled,5042
2025-01-02T01:05:00,SPY,SELL,478.8112638969881,1,-0.9539840542472007,300.0,NONE,Filled,5043
2025-01-02T01:30:00,SPY,BUY,481.8979085886528,1,0.0,0.0,LONG,Filled,5044
2025-01-02T01:35:00,SPY,SELL,482.26697203408264,1,0.3690634454298447,300.0,NONE,Filled,5045
2025-01-02T02:00:00,SPY,BUY,479.9475414974959,1,0.0,0.0,LONG,Filled,5046
2025-01-02T02:05:00,SPY,SELL,478.16706125277506,1,-1.7804802447208203,300.0,NONE,Filled,5047
2025-01-02T02:30:00,SPY,BUY,478.9213683381085,1,0.0,0.0,LONG,Filled,5048
2025-01-02T02:35:00,SPY,SELL,481.90635407722095,1,2.98498573911246,300.0,NONE,Filled,5049
2025-01-02T03:00:00,SPY,BUY,480.27175104185045,1,0.0,0.0,LONG,Filled,5050
2025-01-02T03:05:00,SPY,SELL,479.8306135869441,1,-0.441137454906368,300.0,NONE,Filled,5051
2025-01-02T03:30:00,SPY,BUY,479.1494931594828,1,0.0,0.0,LONG,Filled,5052
2025-01-02T03:35:00,SPY,SELL,480.12019061934257,1,0.970697459859764,300.0,NONE,Filled,5053
2025-01-02T04:00:00,SPY,BUY,481.0389826164962,1,0.0,0.0,LONG,Filled,5054
2025-01-02T04:05:00,SPY,SELL,481.8400167581821,1,0.8010341416859319,300.0,NONE,Filled,5055
2025-01-02T04:30:00,SPY,BUY,478.7698012058733,1,0.0,0.0,LONG,Filled,5056
2025-01-02T04:35:00,SPY,SELL,480.068910841094,1,1.2991096352207023,300.0,NONE,Filled,5057
2025-01-02T05:00:00,SPY,BUY,479.2824573611645,1,0.0,0.0,LONG,Filled,5058
2025-01-02T05:05:00,SPY,SELL,481.9990115688771,1,2.7165542077125906,300.0,NONE,Filled,5059
2025-01-02T05:30:00,SPY,BUY,480.2338931056504,1,0.0,0.0,LONG,Filled,5060
2025-01-02T05:35:00,SPY,SELL,478.9547495205968,1,-1.279143585053589,300.0,NONE,Filled,5061
2025-01-02T06:00:00,SPY,BUY,481.0991935729853,1,0.0,0.0,LONG,Filled,5062
2025-01-02T06:05:00,SPY,SELL,483.3169150568063,1,2.2177214838209807,300.0,NONE,Filled,5063
2025-01-02T06:30:00,SPY,BUY,479.2233155918021,1,0.0,0.0,LONG,Filled,5064
2025-01-02T06:35:00,SPY,SELL,480.19094742959214,1,0.9676318377900657,300.0,NONE,Filled,5065
2025-01-02T07:00:00,SPY,BUY,480.15797601813046,1,0.0,0.0,LONG,Filled,5066
2025-01-02T07:05:00,SPY,SELL,479.7344926369935,1,-0.42348338113697537,300.0,NONE,Filled,5067
2025-01-02T07:30:00,SPY,BUY,479.2402533391286,1,0.0,0.0,LONG,Filled,5068
2025-01-02T07:35:00,SPY,SELL,478.90164896921635,1,-0.33860436991227516,300.0,NONE,Filled,5069
2025-01-02T08:00:00,SPY,BUY,479.7877669945347,1,0.0,0.0,LONG,Filled,5070
2025-01-02T08:05:00,SPY,SELL,480.8590977647062,1,1.0713307701714712,300.0,NONE,Filled,5071
2025-01-02T08:30:00,SPY,BUY,481.1035030095469,1,0.0,0.0,LONG,Filled,5072
2025-01-02T08:35:00,SPY,SELL,481.71441847297746,1,0.6109154634305582,300.0,NONE,Filled,5073
2025-01-02T09:00:00,SPY,BUY,479.3399438808879,1,0.0,0.0,LONG,Filled,5074
2025-01-02T09:05:00,SPY,SELL,478.61573047170026,1,-0.7242134091876551,300.0,NONE,Filled,5075
2025-01-02T09:30:00,SPY,BUY,480.84353547975155,1,0.0,0.0,LONG,Filled,5076
2025-01-02T09:35:00,SPY,SELL,483.4817603689041,1,2.638224889152525,300.0,NONE,Filled,5077
2025-01-02T10:00:00,SPY,BUY,480.688710331126,1,0.0,0.0,LONG,Filled,5078
2025-01-02T10:05:00,SPY,SELL,481.75327994463254,1,1.064569613506535,300.0,NONE,Filled,5079
2025-01-02T10:30:00,SPY,BUY,480.3506488096383,1,0.0,0.0,LONG,Filled,5080
2025-01-02T10:35:00,SPY,SELL,483.19936126817925,1,2.8487124585409447,300.0,NONE,Filled,5081
2025-01-02T11:00:00,SPY,BUY,477.92065880435155,1,0.0,0.0,LONG,Filled,5082
2025-01-02T11:05:00,SPY,SELL,477.012010528257,1,-0.9086482760945387,300.0,NONE,Filled,5083
2025-01-02T11:30:00,SPY,BUY,479.2256662181894,1,0.0,0.0,LONG,Filled,5084
2025-01-02T11:35:00,SPY,SELL,480.7479633490668,1,1.522297130877405,300.0,NONE,Filled,5085
2025-01-02T12:00:00,SPY,BUY,480.9141236724346,1,0.0,0.0,LONG,Filled,5086
2025-01-02T12:05:00,SPY,SELL,482.31700511847566,1,1.4028814460410786,300.0,NONE,Filled,5087
2025-01-02T12:30:00,SPY,BUY,479.63622917459827,1,0.0,0.0,LONG,Filled,5088
2025-01-02T12:35:00,SPY,SELL,480.7508201060813,1,1.1145909314830078,300.0,NONE,Filled,5089
2025-01-02T13:00:00,SPY,BUY,478.18655624674994,1,0.0,0.0,LONG,Filled,5090
2025-01-02T13:05:00,SPY,SELL,479.3763998811428,1,1.1898436343928438,300.0,NONE,Filled,5091
2025-01-02T13:30:00,SPY,BUY,481.10240638201515,1,0.0,0.0,LONG,Filled,5092
2025-01-02T13:35:00,SPY,SELL,483.07098199345904,1,1.968575611443896,300.0,NONE,Filled,5093
2025-01-02T14:00:00,SPY,BUY,480.75677919616834,1,0.0,0.0,LONG,Filled,5094
2025-01-02T14:05:00,SPY,SELL,480.4679088790692,1,-0.2888703170991107,300.0,NONE,Filled,5095
2025-01-02T14:30:00,SPY,BUY,478.5857375751232,1,0.0,0.0,LONG,Filled,5096
2025-01-02T14:35:00,SPY,SELL,479.0078093085434,1,0.42207173342023907,300.0,NONE,Filled,5097
2025-01-02T15:00:00,SPY,BUY,478.8783918001925,1,0.0,0.0,LONG,Filled,5098
2025-01-02T15:05:00,SPY,SELL,480.8918286757558,1,2.0134368755632863,300.0,NONE,Filled,5099
2025-01-02T15:30:00,SPY,BUY,478.9205165655976,1,0.0,0.0,LONG,Filled,5100
2025-01-02T15:35:00,SPY,SELL,479.8721503519776,1,0.9516337863800004,300.0,NONE,Filled,5101
2025-01-02T16:00:00,SPY,BUY,480.73326775051106,1,0.0,0.0,LONG,Filled,5102
2025-01-02T16:05:00,SPY,SELL,479.8365033245184,1,-0.8967644259926715,300.0,NONE,Filled,5103
2025-01-02T16:30:00,SPY,BUY,480.46345158184056,1,0.0,0.0,LONG,Filled,5104
2025-01-02T16:35:00,SPY,SELL,480.78989501915726,1,0.3264434373166978,300.0,NONE,Filled,5105
2025-01-02T17:00:00,SPY,BUY,479.1314108409429,1,0.0,0.0,LONG,Filled,5106
2025-01-02T17:05:00,SPY,SELL,480.32765863229145,1,1.1962477913485259,300.0,NONE,Filled,5107
2025-01-02T17:30:00,SPY,BUY,480.59931574608487,1,0.0,0.0,LONG,Filled,5108
2025-01-02T17:35:00,SPY,SELL,480.40099278374885,1,-0.19832296233602165,300.0,NONE,Filled,5109
2025-01-02T18:00:00,SPY,BUY,480.68337805976995,1,0.0,0.0,LONG,Filled,5110
2025-01-02T18:05:00,SPY,SELL,480.0780357423724,1,-0.6053423173975716,300.0,NONE,Filled,5111
2025-01-02T18:30:00,SPY,BUY,479.4865638215674,1,0.0,0.0,LONG,Filled,5112
2025-01-02T18:35:00,SPY,SELL,480.82184379692177,1,1.3352799753543536,300.0,NONE,Filled,5113
2025-01-02T19:00:00,SPY,BUY,480.8969009294092,1,0.0,0.0,LONG,Filled,5114
2025-01-02T19:05:00,SPY,SELL,479.3115641108921,1,-1.585336818517078,300.0,NONE,Filled,5115
2025-01-02T19:30:00,SPY,BUY,479.1852351887622,1,0.0,0.0,LONG,Filled,5116
2025-01-02T19:35:00,SPY,SELL,479.90208165908524,1,0.7168464703230484,300.0,NONE,Filled,5117
2025-01-02T20:00:00,SPY,BUY,480.40070099535797,1,0.0,0.0,LONG,Filled,5118
2025-01-02T20:05:00,SPY,SELL,481.6112634226613,1,1.21056242730333,300.0,NONE,Filled,5119
2025-01-02T20:30:00,SPY,BUY,479.2053297378534,1,0.0,0.0,LONG,Filled,5120
2025-01-02T20:35:00,SPY,SELL,481.70229754218354,1,2.496967804330154,300.0,NONE,Filled,5121
2025-01-02T21:00:00,SPY,BUY,480.7057486447731,1,0.0,0.0,LONG,Filled,5122
2025-01-02T21:05:00,SPY,SELL,482.83323440552596,1,2.1274857607528475,300.0,NONE,Filled,5123
2025-01-02T21:30:00,SPY,BUY,478.065730771439,1,0.0,0.0,LONG,Filled,5124
2025-01-02T21:35:00,SPY,SELL,478.16203551596425,1,0.0963047445252414,300.0,NONE,Filled,5125
2025-01-02T22:00:00,SPY,BUY,481.9203820812184,1,0.0,0.0,LONG,Filled,5126
2025-01-02T22:05:00,SPY,SELL,483.61390027435084,1,1.6935181931324337,300.0,NONE,Filled,5127
2025-01-02T22:30:00,SPY,BUY,480.29145009634954,1,0.0,0.0,LONG,Filled,5128
2025-01-02T22:35:00,SPY,SELL,479.6972836864951,1,-0.5941664098544379,300.0,NONE,Filled,5129
2025-01-02T23:00:00,SPY,BUY,479.8528525297993,1,0.0,0.0,LONG,Filled,5130
2025-01-02T23:05:00,SPY,SELL,482.24063157638875,1,2.3877790465894577,300.0,NONE,Filled,5131
2025-01-02T23:30:00,SPY,BUY,480.3535303939441,1,0.0,0.0,LONG,Filled,5132
2025-01-02T23:35:00,SPY,SELL,480.0620240647097,1,-0.29150632923438025,300.0,NONE,Filled,5133
2025-01-03T00:00:00,SPY,BUY,479.43479719781976,1,0.0,0.0,LONG,Filled,5134
2025-01-03T00:05:00,SPY,SELL,479.44990087587337,1,0.015103678053606018,300.0,NONE,Filled,5135
2025-01-03T00:30:00,SPY,BUY,477.07125689405456,1,0.0,0.0,LONG,Filled,5136
2025-01-03T00:35:00,SPY,SELL,477.15462229051735,1,0.08336539646279562,300.0,NONE,Filled,5137
2025-01-03T01:00:00,SPY,BUY,480.49954071720407,1,0.0,0.0,LONG,Filled,5138
2025-01-03T01:05:00,SPY,SELL,481.13619290326636,1,0.6366521860622925,300.0,NONE,Filled,5139
2025-01-03T01:30:00,SPY,BUY,478.4610930702225,1,0.0,0.0,LONG,Filled,5140
2025-01-03T01:35:00,SPY,SELL,476.19519356989,1,-2.2658995003324662,300.0,NONE,Filled,5141
2025-01-03T02:00:00,SPY,BUY,479.9845776209898,1,0.0,0.0,LONG,Filled,5142
2025-01-03T02:05:00,SPY,SELL,480.96439658045324,1,0.9798189594634437,300.0,NONE,Filled,5143
2025-01-03T02:30:00,SPY,BUY,480.9674629644405,1,0.0,0.0,LONG,Filled,5144
2025-01-03T02:35:00,SPY,SELL,481.06507100102266,1,0.0976080365821872,300.0,NONE,Filled,5145
2025-01-03T03:00:00,SPY,BUY,480.31623345145863,1,0.0,0.0,LONG,Filled,5146
2025-01-03T03:05:00,SPY,SELL,482.3464102170435,1,2.0301767655848835,300.0,NONE,Filled,5147
2025-01-03T03:30:00,SPY,BUY,481.0061604814996,1,0.0,0.0,LONG,Filled,5148
2025-01-03T03:35:00,SPY,SELL,479.89654565667524,1,-1.109614824824348,300.0,NONE,Filled,5149
2025-01-03T04:00:00,SPY,BUY,479.4302053265159,1,0.0,0.0,LONG,Filled,5150
2025-01-03T04:05:00,SPY,SELL,481.15114328630614,1,1.7209379597902625,300.0,NONE,Filled,5151
2025-01-03T04:30:00,SPY,BUY,481.6702528710191,1,0.0,0.0,LONG,Filled,5152
2025-01-03T04:35:00,SPY,SELL,481.9784524050003,1,0.3081995339812238,300.0,NONE,Filled,5153
2025-01-03T05:00:00,SPY,BUY,480.389265278439,1,0.0,0.0,LONG,Filled,5154
2025-01-03T05:05:00,SPY,SELL,480.5593021557274,1,0.17003687728839623,300.0,NONE,Filled,5155
2025-01-03T05:30:00,SPY,BUY,480.9670327598577,1,0.0,0.0,LONG,Filled,5156
2025-01-03T05:35:00,SPY,SELL,480.585429069739,1,-0.381603690118709,300.0,NONE,Filled,5157
2025-01-03T06:00:00,SPY,BUY,479.7192588237524,1,0.0,0.0,LONG,Filled,5158
2025-01-03T06:05:00,SPY,SELL,478.59963148361646,1,-1.119627340135935,300.0,NONE,Filled,5159
2025-01-03T06:30:00,SPY,BUY,481.26933164858673,1,0.0,0.0,LONG,Filled,5160
2025-01-03T06:35:00,SPY,SELL,483.11824381506364,1,1.8489121664769073,300.0,NONE,Filled,5161
2025-01-03T07:00:00,SPY,BUY,479.4339727747467,1,0.0,0.0,LONG,Filled,5162
2025-01-03T07:05:00,SPY,SELL,477.0681778501568,1,-2.3657949245898635,300.0,NONE,Filled,5163
2025-01-03T07:30:00,SPY,BUY,479.7980520050426,1,0.0,0.0,LONG,Filled,5164
2025-01-03T07:35:00,SPY,SELL,479.42331986173434,1,-0.37473214330827886,300.0,NONE,Filled,5165
2025-01-03T08:00:00,SPY,BUY,479.18236613864275,1,0.0,0.0,LONG,Filled,5166
2025-01-03T08:05:00,SPY,SELL,480.3214671282239,1,1.1391009895811521,300.0,NONE,Filled,5167
2025-01-03T08:30:00,SPY,BUY,478.99171544836406,1,0.0,0.0,LONG,Filled,5168
2025-01-03T08:35:00,SPY,SELL,479.6435811289787,1,0.6518656806146623,300.0,NONE,Filled,5169
2025-01-03T09:00:00,SPY,BUY,478.7539635471851,1,0.0,0.0,LONG,Filled,5170
2025-01-03T09:05:00,SPY,SELL,478.5108027021533,1,-0.24316084503180946,300.0,NONE,Filled,5171
2025-01-03T09:30:00,SPY,BUY,479.63534269975617,1,0.0,0.0,LONG,Filled,5172
2025-01-03T09:35:00,SPY,SELL,480.7721085288903,1,1.1367658291341627,300.0,NONE,Filled,5173
2025-01-03T10:00:00,SPY,BUY,480.1881703877543,1,0.0,0.0,LONG,Filled,5174
2025-01-03T10:05:00,SPY,SELL,475.12976426110714,1,-5.058406126647185,300.0,NONE,Filled,5175
2025-01-03T10:30:00,SPY,BUY,479.4338795098304,1,0.0,0.0,LONG,Filled,5176
2025-01-03T10:35:00,SPY,SELL,481.2360821954172,1,1.802202685586849,300.0,NONE,Filled,5177
2025-01-03T11:00:00,SPY,BUY,480.13220096606216,1,0.0,0.0,LONG,Filled,5178
2025-01-03T11:05:00,SPY,SELL,480.6580301971656,1,0.5258292311034438,300.0,NONE,Filled,5179
2025-01-03T11:30:00,SPY,BUY,479.4171078315947,1,0.0,0.0,LONG,Filled,5180
2025-01-03T11:35:00,SPY,SELL,483.3608652386636,1,3.943757407068915,300.0,NONE,Filled,5181
2025-01-03T12:00:00,SPY,BUY,481.469507932479,1,0.0,0.0,LONG,Filled,5182
2025-01-03T12:05:00,SPY,SELL,482.7768378032835,1,1.3073298708044945,300.0,NONE,Filled,5183
2025-01-03T12:30:00,SPY,BUY,480.1539037127507,1,0.0,0.0,LONG,Filled,5184
2025-01-03T12:35:00,SPY,SELL,479.24015373449396,1,-0.9137499782567602,300.0,NONE,Filled,5185
2025-01-03T13:00:00,SPY,BUY,479.7443630896965,1,0.0,0.0,LONG,Filled,5186
2025-01-03T13:05:00,SPY,SELL,477.5226330769232,1,-2.221730012773264,300.0,NONE,Filled,5187
2025-01-03T13:30:00,SPY,BUY,480.63977769711926,1,0.0,0.0,LONG,Filled,5188
2025-01-03T13:35:00,SPY,SELL,479.8827896807683,1,-0.756988016350931,300.0,NONE,Filled,5189
2025-01-03T14:00:00,SPY,BUY,478.86289515056893,1,0.0,0.0,LONG,Filled,5190
2025-01-03T14:05:00,SPY,SELL,480.78245092582154,1,1.9195557752526042,300.0,NONE,Filled,5191
2025-01-03T14:30:00,SPY,BUY,478.68612867047966,1,0.0,0.0,LONG,Filled,5192
2025-01-03T14:35:00,SPY,SELL,481.4654368269156,1,2.7793081564359454,300.0,NONE,Filled,5193
2025-01-03T15:00:00,SPY,BUY,479.2447771258413,1,0.0,0.0,LONG,Filled,5194
2025-01-03T15:05:00,SPY,SELL,480.59871776399376,1,1.3539406381524373,300.0,NONE,Filled,5195
2025-01-03T15:30:00,SPY,BUY,481.2012518802314,1,0.0,0.0,LONG,Filled,5196
2025-01-03T15:35:00,SPY,SELL,482.04284751792756,1,0.8415956376961731,300.0,NONE,Filled,5197
2025-01-03T16:00:00,SPY,BUY,479.5084892817006,1,0.0,0.0,LONG,Filled,5198
2025-01-03T16:05:00,SPY,SELL,481.6144290732338,1,2.105939791533217,300.0,NONE,Filled,5199
2025-01-03T16:30:00,SPY,BUY,479.4276997137661,1,0.0,0.0,LONG,Filled,5200
2025-01-03T16:35:00,SPY,SELL,476.071207750409,1,-3.3564919633571435,300.0,NONE,Filled,5201
2025-01-03T17:00:00,SPY,BUY,479.9904806068384,1,0.0,0.0,LONG,Filled,5202
2025-01-03T17:05:00,SPY,SELL,479.8254787495838,1,-0.1650018572545946,300.0,NONE,Filled,5203
2025-01-03T17:30:00,SPY,BUY,480.9530745052507,1,0.0,0.0,LONG,Filled,5204
2025-01-03T17:35:00,SPY,SELL,482.9498646367052,1,1.9967901314544747,300.0,NONE,Filled,5205
2025-01-03T18:00:00,SPY,BUY,478.1327363829495,1,0.0,0.0,LONG,Filled,5206
2025-01-03T18:05:00,SPY,SELL,475.8703057494682,1,-2.2624306334813014,300.0,NONE,Filled,5207
2025-01-03T18:30:00,SPY,BUY,479.8004129625495,1,0.0,0.0,LONG,Filled,5208
2025-01-03T18:35:00,SPY,SELL,480.59060682944795,1,0.7901938668984485,300.0,NONE,Filled,5209
2025-01-03T19:00:00,SPY,BUY,480.0702681028137,1,0.0,0.0,LONG,Filled,5210
2025-01-03T19:05:00,SPY,SELL,481.60950117847983,1,1.5392330756661181,300.0,NONE,Filled,5211
2025-01-03T19:30:00,SPY,BUY,479.2826747676406,1,0.0,0.0,LONG,Filled,5212
2025-01-03T19:35:00,SPY,SELL,480.5023463247657,1,1.2196715571251389,300.0,NONE,Filled,5213
2025-01-03T20:00:00,SPY,BUY,480.6843138587693,1,0.0,0.0,LONG,Filled,5214
2025-01-03T20:05:00,SPY,SELL,479.3632291112114,1,-1.3210847475579044,300.0,NONE,Filled,5215
2025-01-03T20:30:00,SPY,BUY,480.6090018152009,1,0.0,0.0,LONG,Filled,5216
2025-01-03T20:35:00,SPY,SELL,481.86336249468195,1,1.254360679481067,300.0,NONE,Filled,5217
2025-01-03T21:00:00,SPY,BUY,480.8925409281005,1,0.0,0.0,LONG,Filled,5218
2025-01-03T21:05:00,SPY,SELL,482.3180450293106,1,1.4255041012100946,300.0,NONE,Filled,5219
2025-01-03T21:30:00,SPY,BUY,480.64996070912497,1,0.0,0.0,LONG,Filled,5220
2025-01-03T21:35:00,SPY,SELL,481.84229777021545,1,1.192337061090484,300.0,NONE,Filled,5221
2025-01-03T22:00:00,SPY,BUY,479.106426386929,1,0.0,0.0,LONG,Filled,5222
2025-01-03T22:05:00,SPY,SELL,478.20950692229667,1,-0.8969194646323331,300.0,NONE,Filled,5223
2025-01-03T22:30:00,SPY,BUY,479.66470749144287,1,0.0,0.0,LONG,Filled,5224
2025-01-03T22:35:00,SPY,SELL,480.3633531225062,1,0.6986456310633571,300.0,NONE,Filled,5225
2025-01-03T23:00:00,SPY,BUY,478.2013835667955,1,0.0,0.0,LONG,Filled,5226
2025-01-03T23:05:00,SPY,SELL,479.023901017257,1,0.8225174504614756,300.0,NONE,Filled,5227
2025-01-03T23:30:00,SPY,BUY,478.3232459705059,1,0.0,0.0,LONG,Filled,5228
2025-01-03T23:35:00,SPY,SELL,477.11097936166664,1,-1.2122666088392862,300.0,NONE,Filled,5229
2025-01-04T00:00:00,SPY,BUY,480.07877067903576,1,0.0,0.0,LONG,Filled,5230
2025-01-04T00:05:00,SPY,SELL,480.0389272231207,1,-0.03984345591504734,300.0,NONE,Filled,5231
2025-01-04T00:30:00,SPY,BUY,479.27923249400163,1,0.0,0.0,LONG,Filled,5232
2025-01-04T00:35:00,SPY,SELL,479.14084246775656,1,-0.13839002624507657,300.0,NONE,Filled,5233
2025-01-04T01:00:00,SPY,BUY,478.8657060313007,1,0.0,0.0,LONG,Filled,5234
2025-01-04T01:05:00,SPY,SELL,478.663260649911,1,-0.20244538138967982,300.0,NONE,Filled,5235
2025-01-04T01:30:00,SPY,BUY,479.52728501072136,1,0.0,0.0,LONG,Filled,5236
2025-01-04T01:35:00,SPY,SELL,478.61668158413,1,-0.910603426591365,300.0,NONE,Filled,5237
2025-01-04T02:00:00,SPY,BUY,479.5142490509862,1,0.0,0.0,LONG,Filled,5238
2025-01-04T02:05:00,SPY,SELL,480.0695070236086,1,0.5552579726223712,300.0,NONE,Filled,5239
2025-01-04T02:30:00,SPY,BUY,479.46408729872616,1,0.0,0.0,LONG,Filled,5240
2025-01-04T02:35:00,SPY,SELL,479.2528271310949,1,-0.21126016763128064,300.0,NONE,Filled,5241
2025-01-04T03:00:00,SPY,BUY,480.18833512124866,1,0.0,0.0,LONG,Filled,5242
2025-01-04T03:05:00,SPY,SELL,480.4848839766359,1,0.2965488553872433,300.0,NONE,Filled,5243
2025-01-04T03:30:00,SPY,BUY,479.17639012761714,1,0.0,0.0,LONG,Filled,5244
2025-01-04T03:35:00,SPY,SELL,478.450300941405,1,-0.7260891862121639,300.0,NONE,Filled,5245
2025-01-04T04:00:00,SPY,BUY,479.09059330200853,1,0.0,0.0,LONG,Filled,5246
2025-01-04T04:05:00,SPY,SELL,479.10616837728907,1,0.015575075280537476,300.0,NONE,Filled,5247
2025-01-04T04:30:00,SPY,BUY,480.25054672279276,1,0.0,0.0,LONG,Filled,5248
2025-01-04T04:35:00,SPY,SELL,481.58982191371723,1,1.339275190924468,300.0,NONE,Filled,5249
2025-01-04T05:00:00,SPY,BUY,481.82556452437916,1,0.0,0.0,LONG,Filled,5250
2025-01-04T05:05:00,SPY,SELL,482.4610135513593,1,0.6354490269801545,300.0,NONE,Filled,5251
2025-01-04T05:30:00,SPY,BUY,479.3197502678819,1,0.0,0.0,LONG,Filled,5252
2025-01-04T05:35:00,SPY,SELL,478.6096838614152,1,-0.7100664064666944,300.0,NONE,Filled,5253
2025-01-04T06:00:00,SPY,BUY,480.8075213751534,1,0.0,0.0,LONG,Filled,5254
2025-01-04T06:05:00,SPY,SELL,479.6933837258942,1,-1.1141376492591917,300.0,NONE,Filled,5255
2025-01-04T06:30:00,SPY,BUY,479.4543594748907,1,0.0,0.0,LONG,Filled,5256
2025-01-04T06:35:00,SPY,SELL,481.24803976095,1,1.7936802860593275,300.0,NONE,Filled,5257
2025-01-04T07:00:00,SPY,BUY,479.8426008763865,1,0.0,0.0,LONG,Filled,5258
2025-01-04T07:05:00,SPY,SELL,481.31206922068054,1,1.4694683442940573,300.0,NONE,Filled,5259
2025-01-04T07:30:00,SPY,BUY,480.57927273456164,1,0.0,0.0,LONG,Filled,5260
2025-01-04T07:35:00,SPY,SELL,481.4886595008996,1,0.9093867663379456,300.0,NONE,Filled,5261
2025-01-04T08:00:00,SPY,BUY,480.99353015619516,1,0.0,0.0,LONG,Filled,5262
2025-01-04T08:05:00,SPY,SELL,479.50507018704417,1,-1.4884599691509948,300.0,NONE,Filled,5263
2025-01-04T08:30:00,SPY,BUY,477.50467834168086,1,0.0,0.0,LONG,Filled,5264
2025-01-04T08:35:00,SPY,SELL,478.2218950892514,1,0.7172167475705464,300.0,NONE,Filled,5265
2025-01-04T09:00:00,SPY,BUY,479.25412312952125,1,0.0,0.0,LONG,Filled,5266
2025-01-04T09:05:00,SPY,SELL,478.69805303902075,1,-0.5560700905004978,300.0,NONE,Filled,5267
2025-01-04T09:30:00,SPY,BUY,478.7912215795314,1,0.0,0.0,LONG,Filled,5268
2025-01-04T09:35:00,SPY,SELL,479.344697896494,1,0.5534763169625876,300.0,NONE,Filled,5269
2025-01-04T10:00:00,SPY,BUY,479.06113690327254,1,0.0,0.0,LONG,Filled,5270
2025-01-04T10:05:00,SPY,SELL,477.9346794568177,1,-1.1264574464548218,300.0,NONE,Filled,5271
2025-01-04T10:30:00,SPY,BUY,480.3778392729842,1,0.0,0.0,LONG,Filled,5272
2025-01-04T10:35:00,SPY,SELL,478.86921398559605,1,-1.5086252873881563,300.0,NONE,Filled,5273
2025-01-04T11:00:00,SPY,BUY,480.85419285978315,1,0.0,0.0,LONG,Filled,5274
2025-01-04T11:05:00,SPY,SELL,481.5701352497025,1,0.7159423899193484,300.0,NONE,Filled,5275
2025-01-04T11:30:00,SPY,BUY,479.9759341552349,1,0.0,0.0,LONG,Filled,5276
2025-01-04T11:35:00,SPY,SELL,477.8791717711967,1,-2.096762384038186,300.0,NONE,Filled,5277
2025-01-04T12:00:00,SPY,BUY,480.0875750401473,1,0.0,0.0,LONG,Filled,5278
2025-01-04T12:05:00,SPY,SELL,480.6899683203573,1,0.6023932802099807,300.0,NONE,Filled,5279
2025-01-04T12:30:00,SPY,BUY,478.81725726819803,1,0.0,0.0,LONG,Filled,5280
2025-01-04T12:35:00,SPY,SELL,477.0611646589606,1,-1.7560926092374416,300.0,NONE,Filled,5281
2025-01-04T13:00:00,SPY,BUY,479.62493676815075,1,0.0,0.0,LONG,Filled,5282
2025-01-04T13:05:00,SPY,SELL,478.1635257911083,1,-1.4614109770424193,300.0,NONE,Filled,5283
2025-01-04T13:30:00,SPY,BUY,479.0575153102555,1,0.0,0.0,LONG,Filled,5284
2025-01-04T13:35:00,SPY,SELL,481.07130906355763,1,2.0137937533021386,300.0,NONE,Filled,5285
2025-01-04T14:00:00,SPY,BUY,480.70967987399825,1,0.0,0.0,LONG,Filled,5286
2025-01-04T14:05:00,SPY,SELL,484.0770557415391,1,3.3673758675408294,300.0,NONE,Filled,5287
2025-01-04T14:30:00,SPY,BUY,477.1205066917338,1,0.0,0.0,LONG,Filled,5288
2025-01-04T14:35:00,SPY,SELL,478.14049359087704,1,1.0199868991432481,300.0,NONE,Filled,5289
2025-01-04T15:00:00,SPY,BUY,480.06093284030726,1,0.0,0.0,LONG,Filled,5290
2025-01-04T15:05:00,SPY,SELL,481.1215122988011,1,1.0605794584938621,300.0,NONE,Filled,5291
2025-01-04T15:30:00,SPY,BUY,478.6530326563681,1,0.0,0.0,LONG,Filled,5292
2025-01-04T15:35:00,SPY,SELL,478.99961089033826,1,0.3465782339701491,300.0,NONE,Filled,5293
2025-01-04T16:00:00,SPY,BUY,479.72110670350855,1,0.0,0.0,LONG,Filled,5294
2025-01-04T16:05:00,SPY,SELL,479.72452538953627,1,0.003418686027714557,300.0,NONE,Filled,5295
2025-01-04T16:30:00,SPY,BUY,478.8957411211417,1,0.0,0.0,LONG,Filled,5296
2025-01-04T16:35:00,SPY,SELL,478.38823938024314,1,-0.50750174089859,300.0,NONE,Filled,5297
2025-01-04T17:00:00,SPY,BUY,478.73388557363296,1,0.0,0.0,LONG,Filled,5298
2025-01-04T17:05:00,SPY,SELL,480.4528999560719,1,1.7190143824389565,300.0,NONE,Filled,5299
2025-01-04T17:30:00,SPY,BUY,480.2803472613092,1,0.0,0.0,LONG,Filled,5300
2025-01-04T17:35:00,SPY,SELL,481.7704738102753,1,1.4901265489660886,300.0,NONE,Filled,5301
2025-01-04T18:00:00,SPY,BUY,478.32595875446196,1,0.0,0.0,LONG,Filled,5302
2025-01-04T18:05:00,SPY,SELL,477.2875365872884,1,-1.0384221671735645,300.0,NONE,Filled,5303
2025-01-04T18:30:00,SPY,BUY,479.80625327810407,1,0.0,0.0,LONG,Filled,5304
2025-01-04T18:35:00,SPY,SELL,480.0347686157982,1,0.228515337694148,300.0,NONE,Filled,5305
2025-01-04T19:00:00,SPY,BUY,480.4348352062718,1,0.0,0.0,LONG,Filled,5306
2025-01-04T19:05:00,SPY,SELL,480.5031993025043,1,0.06836409623247164,300.0,NONE,Filled,5307
2025-01-04T19:30:00,SPY,BUY,480.74085644572114,1,0.0,0.0,LONG,Filled,5308
2025-01-04T19:35:00,SPY,SELL,482.9874305102884,1,2.2465740645672554,300.0,NONE,Filled,5309
2025-01-04T20:00:00,SPY,BUY,480.39648348772806,1,0.0,0.0,LONG,Filled,5310
2025-01-04T20:05:00,SPY,SELL,480.90156563227845,1,0.5050821445503857,300.0,NONE,Filled,5311
2025-01-04T20:30:00,SPY,BUY,480.2984559836403,1,0.0,0.0,LONG,Filled,5312
2025-01-04T20:35:00,SPY,SELL,482.23832035162553,1,1.9398643679852512,300.0,NONE,Filled,5313
2025-01-04T21:00:00,SPY,BUY,479.867005756291,1,0.0,0.0,LONG,Filled,5314
2025-01-04T21:05:00,SPY,SELL,480.3938799567466,1,0.5268742004556088,300.0,NONE,Filled,5315
2025-01-04T21:30:00,SPY,BUY,478.85840531537013,1,0.0,0.0,LONG,Filled,5316
2025-01-04T21:35:00,SPY,SELL,480.5153976469986,1,1.6569923316284871,300.0,NONE,Filled,5317
2025-01-04T22:00:00,SPY,BUY,479.48752547224996,1,0.0,0.0,LONG,Filled,5318
2025-01-04T22:05:00,SPY,SELL,481.80231676212657,1,2.3147912898766094,300.0,NONE,Filled,5319
2025-01-04T22:30:00,SPY,BUY,479.9869106118211,1,0.0,0.0,LONG,Filled,5320
2025-01-04T22:35:00,SPY,SELL,482.64602251891114,1,2.6591119070900504,300.0,NONE,Filled,5321
2025-01-04T23:00:00,SPY,BUY,482.0669267013628,1,0.0,0.0,LONG,Filled,5322
2025-01-04T23:05:00,SPY,SELL,483.2999955905879,1,1.2330688892251374,300.0,NONE,Filled,5323
2025-01-04T23:30:00,SPY,BUY,479.41930175733256,1,0.0,0.0,LONG,Filled,5324
2025-01-04T23:35:00,SPY,SELL,480.18254215726324,1,0.7632403999306803,300.0,NONE,Filled,5325
2025-01-05T00:00:00,SPY,BUY,480.8976861440232,1,0.0,0.0,LONG,Filled,5326
2025-01-05T00:05:00,SPY,SELL,482.261919795024,1,1.3642336510008022,300.0,NONE,Filled,5327
2025-01-05T00:30:00,SPY,BUY,479.579953441565,1,0.0,0.0,LONG,Filled,5328
2025-01-05T00:35:00,SPY,SELL,480.98363190348067,1,1.4036784619156606,300.0,NONE,Filled,5329
2025-01-05T01:00:00,SPY,BUY,480.47636016087216,1,0.0,0.0,LONG,Filled,5330
2025-01-05T01:05:00,SPY,SELL,478.7078645150862,1,-1.768495645785947,300.0,NONE,Filled,5331
2025-01-05T01:30:00,SPY,BUY,480.2104719476972,1,0.0,0.0,LONG,Filled,5332
2025-01-05T01:35:00,SPY,SELL,478.69213580214625,1,-1.5183361455509612,300.0,NONE,Filled,5333
2025-01-05T02:00:00,SPY,BUY,478.56114518556063,1,0.0,0.0,LONG,Filled,5334
2025-01-05T02:05:00,SPY,SELL,479.73455168409055,1,1.1734064985299142,300.0,NONE,Filled,5335
2025-01-05T02:30:00,SPY,BUY,478.94912124624767,1,0.0,0.0,LONG,Filled,5336
2025-01-05T02:35:00,SPY,SELL,480.58971838534717,1,1.6405971390994978,300.0,NONE,Filled,5337
2025-01-05T03:00:00,SPY,BUY,480.120572372139,1,0.0,0.0,LONG,Filled,5338
2025-01-05T03:05:00,SPY,SELL,479.2171651782772,1,-0.903407193861824,300.0,NONE,Filled,5339
2025-01-05T03:30:00,SPY,BUY,479.40781252822177,1,0.0,0.0,LONG,Filled,5340
2025-01-05T03:35:00,SPY,SELL,480.2872074705411,1,0.8793949423193226,300.0,NONE,Filled,5341
2025-01-05T04:00:00,SPY,BUY,481.3336015023697,1,0.0,0.0,LONG,Filled,5342
2025-01-05T04:05:00,SPY,SELL,482.1738560829576,1,0.8402545805879527,300.0,NONE,Filled,5343
2025-01-05T04:30:00,SPY,BUY,481.065500144572,1,0.0,0.0,LONG,Filled,5344
2025-01-05T04:35:00,SPY,SELL,483.39437128476425,1,2.328871140192234,300.0,NONE,Filled,5345
2025-01-05T05:00:00,SPY,BUY,481.4063689843054,1,0.0,0.0,LONG,Filled,5346
2025-01-05T05:05:00,SPY,SELL,482.63584342219923,1,1.2294744378938276,300.0,NONE,Filled,5347
2025-01-05T05:30:00,SPY,BUY,479.6118567799952,1,0.0,0.0,LONG,Filled,5348
2025-01-05T05:35:00,SPY,SELL,480.2170130639761,1,0.6051562839808753,300.0,NONE,Filled,5349
2025-01-05T06:00:00,SPY,BUY,480.2262990971478,1,0.0,0.0,LONG,Filled,5350
2025-01-05T06:05:00,SPY,SELL,479.8107245008068,1,-0.41557459634094585,300.0,NONE,Filled,5351
2025-01-05T06:30:00,SPY,BUY,480.26208773074103,1,0.0,0.0,LONG,Filled,5352
2025-01-05T06:35:00,SPY,SELL,479.00940314641224,1,-1.2526845843287902,300.0,NONE,Filled,5353
2025-01-05T07:00:00,SPY,BUY,479.24095811025717,1,0.0,0.0,LONG,Filled,5354
2025-01-05T07:05:00,SPY,SELL,481.708960516048,1,2.4680024057908554,300.0,NONE,Filled,5355
2025-01-05T07:30:00,SPY,BUY,479.0017809281853,1,0.0,0.0,LONG,Filled,5356
2025-01-05T07:35:00,SPY,SELL,479.22484913854447,1,0.22306821035914481,300.0,NONE,Filled,5357
2025-01-05T08:00:00,SPY,BUY,479.8703135009772,1,0.0,0.0,LONG,Filled,5358
2025-01-05T08:05:00,SPY,SELL,479.118884457618,1,-0.7514290433592237,300.0,NONE,Filled,5359
2025-01-05T08:30:00,SPY,BUY,478.5025095931221,1,0.0,0.0,LONG,Filled,5360
2025-01-05T08:35:00,SPY,SELL,478.7099244180726,1,0.20741482495049013,300.0,NONE,Filled,5361
2025-01-05T09:00:00,SPY,BUY,479.7370619070887,1,0.0,0.0,LONG,Filled,5362
2025-01-05T09:05:00,SPY,SELL,479.2850146750983,1,-0.45204723199037744,300.0,NONE,Filled,5363
2025-01-05T09:30:00,SPY,BUY,479.5063220917948,1,0.0,0.0,LONG,Filled,5364
2025-01-05T09:35:00,SPY,SELL,480.29480160796,1,0.7884795161651823,300.0,NONE,Filled,5365
2025-01-05T10:00:00,SPY,BUY,479.455172502795,1,0.0,0.0,LONG,Filled,5366
2025-01-05T10:05:00,SPY,SELL,478.44972087209726,1,-1.0054516306977348,300.0,NONE,Filled,5367
2025-01-05T10:30:00,SPY,BUY,478.7669022798886,1,0.0,0.0,LONG,Filled,5368
2025-01-05T10:35:00,SPY,SELL,477.4727095168577,1,-1.2941927630308783,300.0,NONE,Filled,5369
2025-01-05T11:00:00,SPY,BUY,479.7518154222859,1,0.0,0.0,LONG,Filled,5370
2025-01-05T11:05:00,SPY,SELL,478.9716679937966,1,-0.7801474284893288,300.0,NONE,Filled,5371
2025-01-05T11:30:00,SPY,BUY,480.84946897006427,1,0.0,0.0,LONG,Filled,5372
2025-01-05T11:35:00,SPY,SELL,479.82666357071196,1,-1.0228053993523076,300.0,NONE,Filled,5373
2025-01-05T12:00:00,SPY,BUY,480.8556355125719,1,0.0,0.0,LONG,Filled,5374
2025-01-05T12:05:00,SPY,SELL,485.26242326498766,1,4.406787752415767,300.0,NONE,Filled,5375
2025-01-05T12:30:00,SPY,BUY,480.5352135795559,1,0.0,0.0,LONG,Filled,5376
2025-01-05T12:35:00,SPY,SELL,479.2483664738607,1,-1.2868471056951876,300.0,NONE,Filled,5377
2025-01-05T13:00:00,SPY,BUY,480.3406444757703,1,0.0,0.0,LONG,Filled,5378
2025-01-05T13:05:00,SPY,SELL,478.62704915689636,1,-1.7135953188739563,300.0,NONE,Filled,5379
2025-01-05T13:30:00,SPY,BUY,478.2639172687666,1,0.0,0.0,LONG,Filled,5380
2025-01-05T13:35:00,SPY,SELL,478.8770081348146,1,0.6130908660480259,300.0,NONE,Filled,5381
2025-01-05T14:00:00,SPY,BUY,480.0765656787075,1,0.0,0.0,LONG,Filled,5382
2025-01-05T14:05:00,SPY,SELL,478.6044015933981,1,-1.4721640853093731,300.0,NONE,Filled,5383
2025-01-05T14:30:00,SPY,BUY,479.5297186383065,1,0.0,0.0,LONG,Filled,5384
2025-01-05T14:35:00,SPY,SELL,477.26659318337585,1,-2.263125454930673,300.0,NONE,Filled,5385
2025-01-05T15:00:00,SPY,BUY,479.9294072690472,1,0.0,0.0,LONG,Filled,5386
2025-01-05T15:05:00,SPY,SELL,478.3345168865955,1,-1.5948903824516947,300.0,NONE,Filled,5387
2025-01-05T15:30:00,SPY,BUY,480.6433393912801,1,0.0,0.0,LONG,Filled,5388
2025-01-05T15:35:00,SPY,SELL,479.7299377843119,1,-0.9134016069681934,300.0,NONE,Filled,5389
2025-01-05T16:00:00,SPY,BUY,479.2873250182875,1,0.0,0.0,LONG,Filled,5390
2025-01-05T16:05:00,SPY,SELL,478.27518659008814,1,-1.0121384281993642,300.0,NONE,Filled,5391
2025-01-05T16:30:00,SPY,BUY,479.7088536895076,1,0.0,0.0,LONG,Filled,5392
2025-01-05T16:35:00,SPY,SELL,479.5493030080076,1,-0.15955068149997942,300.0,NONE,Filled,5393
2025-01-05T17:00:00,SPY,BUY,480.23095627408384,1,0.0,0.0,LONG,Filled,5394
2025-01-05T17:05:00,SPY,SELL,480.0197684643275,1,-0.2111878097563249,300.0,NONE,Filled,5395
2025-01-05T17:30:00,SPY,BUY,477.92631204436594,1,0.0,0.0,LONG,Filled,5396
2025-01-05T17:35:00,SPY,SELL,481.05606664928797,1,3.1297546049220273,300.0,NONE,Filled,5397
2025-01-05T18:00:00,SPY,BUY,479.9823142541116,1,0.0,0.0,LONG,Filled,5398
2025-01-05T18:05:00,SPY,SELL,476.6832648267884,1,-3.2990494273232116,300.0,NONE,Filled,5399
2025-01-05T18:30:00,SPY,BUY,480.6128229252418,1,0.0,0.0,LONG,Filled,5400
2025-01-05T18:35:00,SPY,SELL,481.1323245966025,1,0.5195016713606719,300.0,NONE,Filled,5401
2025-01-05T19:00:00,SPY,BUY,479.74890374508414,1,0.0,0.0,LONG,Filled,5402
2025-01-05T19:05:00,SPY,SELL,478.11649168611615,1,-1.6324120589679865,300.0,NONE,Filled,5403
2025-01-05T19:30:00,SPY,BUY,479.13198053432285,1,0.0,0.0,LONG,Filled,5404
2025-01-05T19:35:00,SPY,SELL,479.8722822392155,1,0.7403017048926586,300.0,NONE,Filled,5405
2025-01-05T20:00:00,SPY,BUY,478.90776847395375,1,0.0,0.0,LONG,Filled,5406
2025-01-05T20:05:00,SPY,SELL,478.04916775381685,1,-0.8586007201369057,300.0,NONE,Filled,5407
2025-01-05T20:30:00,SPY,BUY,481.2625627673864,1,0.0,0.0,LONG,Filled,5408
2025-01-05T20:35:00,SPY,SELL,479.27282471300083,1,-1.9897380543855547,300.0,NONE,Filled,5409
2025-01-05T21:00:00,SPY,BUY,478.96633084844433,1,0.0,0.0,LONG,Filled,5410
2025-01-05T21:05:00,SPY,SELL,478.78854671452365,1,-0.1777841339206816,300.0,NONE,Filled,5411
2025-01-05T21:30:00,SPY,BUY,479.8409945973883,1,0.0,0.0,LONG,Filled,5412
2025-01-05T21:35:00,SPY,SELL,481.23148831329024,1,1.3904937159019255,300.0,NONE,Filled,5413
2025-01-05T22:00:00,SPY,BUY,479.1161630558645,1,0.0,0.0,LONG,Filled,5414
2025-01-05T22:05:00,SPY,SELL,479.19758227760025,1,0.08141922173575722,300.0,NONE,Filled,5415
2025-01-05T22:30:00,SPY,BUY,479.563726895456,1,0.0,0.0,LONG,Filled,5416
2025-01-05T22:35:00,SPY,SELL,475.7435146122043,1,-3.820212283251692,300.0,NONE,Filled,5417
2025-01-05T23:00:00,SPY,BUY,478.52178929749573,1,0.0,0.0,LONG,Filled,5418
2025-01-05T23:05:00,SPY,SELL,477.5426403685773,1,-0.9791489289184483,300.0,NONE,Filled,5419
2025-01-05T23:30:00,SPY,BUY,479.9086824445601,1,0.0,0.0,LONG,Filled,5420
2025-01-05T23:35:00,SPY,SELL,477.04323745719074,1,-2.865444987369358,300.0,NONE,Filled,5421
2025-01-06T00:00:00,SPY,BUY,481.11279126304674,1,0.0,0.0,LONG,Filled,5422
2025-01-06T00:05:00,SPY,SELL,479.2882034987583,1,-1.8245877642884238,300.0,NONE,Filled,5423
2025-01-06T00:30:00,SPY,BUY,480.6156887225245,1,0.0,0.0,LONG,Filled,5424
2025-01-06T00:35:00,SPY,SELL,481.73726100243294,1,1.1215722799084347,300.0,NONE,Filled,5425
2025-01-06T01:00:00,SPY,BUY,481.36325604350804,1,0.0,0.0,LONG,Filled,5426
2025-01-06T01:05:00,SPY,SELL,481.93255009726323,1,0.5692940537551863,300.0,NONE,Filled,5427
2025-01-06T01:30:00,SPY,BUY,480.627154223504,1,0.0,0.0,LONG,Filled,5428
2025-01-06T01:35:00,SPY,SELL,479.7535065768024,1,-0.8736476467016132,300.0,NONE,Filled,5429
2025-01-06T02:00:00,SPY,BUY,480.2879568399926,1,0.0,0.0,LONG,Filled,5430
2025-01-06T02:05:00,SPY,SELL,481.1366181174555,1,0.8486612774628952,300.0,NONE,Filled,5431
2025-01-06T02:30:00,SPY,BUY,480.03493948937387,1,0.0,0.0,LONG,Filled,5432
2025-01-06T02:35:00,SPY,SELL,479.1906415508177,1,-0.8442979385561671,300.0,NONE,Filled,5433
2025-01-06T03:00:00,SPY,BUY,478.256479877913,1,0.0,0.0,LONG,Filled,5434
2025-01-06T03:05:00,SPY,SELL,478.4561477662996,1,0.19966788838655702,300.0,NONE,Filled,5435
2025-01-06T03:30:00,SPY,BUY,479.99897401028284,1,0.0,0.0,LONG,Filled,5436
2025-01-06T03:35:00,SPY,SELL,480.34601905983743,1,0.3470450495545947,300.0,NONE,Filled,5437
2025-01-06T04:00:00,SPY,BUY,480.8747640461259,1,0.0,0.0,LONG,Filled,5438
2025-01-06T04:05:00,SPY,SELL,479.9182366694285,1,-0.9565273766974087,300.0,NONE,Filled,5439
2025-01-06T04:30:00,SPY,BUY,480.4191995281663,1,0.0,0.0,LONG,Filled,5440
2025-01-06T04:35:00,SPY,SELL,482.7290375820409,1,2.309838053874614,300.0,NONE,Filled,5441
2025-01-06T05:00:00,SPY,BUY,481.4751687040748,1,0.0,0.0,LONG,Filled,5442
2025-01-06T05:05:00,SPY,SELL,479.7093279349499,1,-1.7658407691249067,300.0,NONE,Filled,5443
2025-01-06T05:30:00,SPY,BUY,479.5139412229509,1,0.0,0.0,LONG,Filled,5444
2025-01-06T05:35:00,SPY,SELL,477.61056481624314,1,-1.903376406707764,300.0,NONE,Filled,5445
2025-01-06T06:00:00,SPY,BUY,480.4555806236935,1,0.0,0.0,LONG,Filled,5446
2025-01-06T06:05:00,SPY,SELL,481.87128211379,1,1.4157014900965237,300.0,NONE,Filled,5447
2025-01-06T06:30:00,SPY,BUY,478.9171629859539,1,0.0,0.0,LONG,Filled,5448
2025-01-06T06:35:00,SPY,SELL,477.6718676505687,1,-1.245295335385208,300.0,NONE,Filled,5449
2025-01-06T07:00:00,SPY,BUY,480.70143851755734,1,0.0,0.0,LONG,Filled,5450
2025-01-06T07:05:00,SPY,SELL,478.6966989619047,1,-2.004739555652634,300.0,NONE,Filled,5451
2025-01-06T07:30:00,SPY,BUY,479.3908236923658,1,0.0,0.0,LONG,Filled,5452
2025-01-06T07:35:00,SPY,SELL,480.09160366393877,1,0.7007799715729561,300.0,NONE,Filled,5453
2025-01-06T08:00:00,SPY,BUY,481.0207151447343,1,0.0,0.0,LONG,Filled,5454
2025-01-06T08:05:00,SPY,SELL,483.8441481036276,1,2.8234329588933065,300.0,NONE,Filled,5455
2025-01-06T08:30:00,SPY,BUY,481.18115978280076,1,0.0,0.0,LONG,Filled,5456
2025-01-06T08:35:00,SPY,SELL,481.0085300633776,1,-0.17262971942318472,300.0,NONE,Filled,5457
2025-01-06T09:00:00,SPY,BUY,480.72616789487324,1,0.0,0.0,LONG,Filled,5458
2025-01-06T09:05:00,SPY,SELL,480.67430526721483,1,-0.051862627658408655,300.0,NONE,Filled,5459
2025-01-06T09:30:00,SPY,BUY,480.86116270715877,1,0.0,0.0,LONG,Filled,5460
2025-01-06T09:35:00,SPY,SELL,478.7402366322077,1,-2.1209260749510577,300.0,NONE,Filled,5461
2025-01-06T10:00:00,SPY,BUY,478.9094431393246,1,0.0,0.0,LONG,Filled,5462
2025-01-06T10:05:00,SPY,SELL,478.6669721893874,1,-0.24247094993717155,300.0,NONE,Filled,5463
2025-01-06T10:30:00,SPY,BUY,480.2002283272457,1,0.0,0.0,LONG,Filled,5464
2025-01-06T10:35:00,SPY,SELL,479.57627798620086,1,-0.6239503410448606,300.0,NONE,Filled,5465
2025-01-06T11:00:00,SPY,BUY,480.5322858612152,1,0.0,0.0,LONG,Filled,5466
2025-01-06T11:05:00,SPY,SELL,480.30002763239537,1,-0.2322582288198305,300.0,NONE,Filled,5467
2025-01-06T11:30:00,SPY,BUY,480.2695220825142,1,0.0,0.0,LONG,Filled,5468
2025-01-06T11:35:00,SPY,SELL,479.39582680637074,1,-0.8736952761434509,300.0,NONE,Filled,5469
2025-01-06T12:00:00,SPY,BUY,479.31601887789054,1,0.0,0.0,LONG,Filled,5470
2025-01-06T12:05:00,SPY,SELL,480.3374863999697,1,1.0214675220791491,300.0,NONE,Filled,5471
2025-01-06T12:30:00,SPY,BUY,479.1956583857985,1,0.0,0.0,LONG,Filled,5472
2025-01-06T12:35:00,SPY,SELL,477.51288927837635,1,-1.682769107422132,300.0,NONE,Filled,5473
2025-01-06T13:00:00,SPY,BUY,479.710525525623,1,0.0,0.0,LONG,Filled,5474
2025-01-06T13:05:00,SPY,SELL,479.9335665863542,1,0.223041060731191,300.0,NONE,Filled,5475
2025-01-06T13:30:00,SPY,BUY,477.81109457971223,1,0.0,0.0,LONG,Filled,5476
2025-01-06T13:35:00,SPY,SELL,477.2129109531643,1,-0.5981836265479501,300.0,NONE,Filled,5477
2025-01-06T14:00:00,SPY,BUY,480.44304084361494,1,0.0,0.0,LONG,Filled,5478
2025-01-06T14:05:00,SPY,SELL,480.0691041268222,1,-0.3739367167927412,300.0,NONE,Filled,5479
2025-01-06T14:30:00,SPY,BUY,479.4782467101725,1,0.0,0.0,LONG,Filled,5480
2025-01-06T14:35:00,SPY,SELL,479.2873319978745,1,-0.19091471229802437,300.0,NONE,Filled,5481
2025-01-06T15:00:00,SPY,BUY,479.13543184100337,1,0.0,0.0,LONG,Filled,5482
2025-01-06T15:05:00,SPY,SELL,481.1638954006041,1,2.0284635596007092,300.0,NONE,Filled,5483
2025-01-06T15:30:00,SPY,BUY,480.1791092719076,1,0.0,0.0,LONG,Filled,5484
2025-01-06T15:35:00,SPY,SELL,480.65837427509075,1,0.47926500318317267,300.0,NONE,Filled,5485
2025-01-06T16:00:00,SPY,BUY,480.8888035994632,1,0.0,0.0,LONG,Filled,5486
2025-01-06T16:05:00,SPY,SELL,483.7051494830299,1,2.8163458835667257,300.0,NONE,Filled,5487
2025-01-06T16:30:00,SPY,BUY,478.68024375598276,1,0.0,0.0,LONG,Filled,5488
2025-01-06T16:35:00,SPY,SELL,479.6934796189667,1,1.0132358629839473,300.0,NONE,Filled,5489
2025-01-06T17:00:00,SPY,BUY,480.2113506782959,1,0.0,0.0,LONG,Filled,5490
2025-01-06T17:05:00,SPY,SELL,478.23900568817396,1,-1.9723449901219396,300.0,NONE,Filled,5491
2025-01-06T17:30:00,SPY,BUY,481.75410902802616,1,0.0,0.0,LONG,Filled,5492
2025-01-06T17:35:00,SPY,SELL,482.14102117780106,1,0.3869121497749006,300.0,NONE,Filled,5493
2025-01-06T18:00:00,SPY,BUY,482.0456127749856,1,0.0,0.0,LONG,Filled,5494
2025-01-06T18:05:00,SPY,SELL,481.6600870117813,1,-0.38552576320432763,300.0,NONE,Filled,5495
2025-01-06T18:30:00,SPY,BUY,478.9044267278408,1,0.0,0.0,LONG,Filled,5496
2025-01-06T18:35:00,SPY,SELL,479.85172042071025,1,0.9472936928694367,300.0,NONE,Filled,5497
2025-01-06T19:00:00,SPY,BUY,478.488389804893,1,0.0,0.0,LONG,Filled,5498
2025-01-06T19:05:00,SPY,SELL,481.4443273787395,1,2.9559375738464837,300.0,NONE,Filled,5499
